<?xml version="1.0" encoding="UTF-8"?>
<beans xmlns="http://www.springframework.org/schema/beans"
       xmlns:xsi="http://www.w3.org/2001/XMLSchema-instance"
       xmlns:mvc="http://www.springframework.org/schema/mvc"
       xmlns:context="http://www.springframework.org/schema/context"
       xsi:schemaLocation="http://www.springframework.org/schema/beans
        http://www.springframework.org/schema/beans/spring-beans.xsd
        http://www.springframework.org/schema/mvc
        http://www.springframework.org/schema/mvc/spring-mvc.xsd
        http://www.springframework.org/schema/context
        https://www.springframework.org/schema/context/spring-context.xsd">
    <!--1.注解驱动-->
    <mvc:annotation-driven/>
    <!--2.静态资源过滤-->
    <mvc:default-servlet-handler/>
    <!--3.扫描包:controller-->
    <context:component-scan base-package="com.demo.controller"/>
    <!--4.视图解析器-->
    <bean class="org.springframework.web.servlet.view.InternalResourceViewResolver">
        <property name="prefix" value="/WEB-INF/jsp/"/>
        <property name="suffix" value=".jsp"/>
    </bean>
    <!--配置拦截器-->
<!--    <mvc:interceptors>-->
<!--        <mvc:interceptor>-->
<!--            <mvc:mapping path="/**"/>-->
<!--            <bean class="com.demo.config.MyInterceptor"/>-->
<!--        </mvc:interceptor>-->
<!--    </mvc:interceptors>-->
</beans>