<?xml version="1.0" encoding="UTF-8" ?>
<!DOCTYPE mapper
        PUBLIC "-//mybatis.org//DTD Config 3.0//EN"
        "http://mybatis.org/dtd/mybatis-3-mapper.dtd">

<mapper namespace="com.demo.dao.BookMapper">

    <insert id="addBook"  parameterType="Books">
        insert into books (bookName, bookCounts, detail)
        values (#{bookName},#{bookCounts},#{detail});
    </insert>

    <delete id="deleteBookById" parameterType="int">
        delete from books where bookId = #{bookId}
    </delete>

    <update id="updateBook" parameterType="Books">
        update books
        set bookName = #{bookName},bookCounts = #{bookCounts},detail =#{detail}
        where id = #{bookId};
    </update>

    <select id="queryBookById" parameterType="int" resultType="Books">
        select *from books where bookId = #{bookId}
    </select>

    <select id="queryAllBooks" resultType="Books">
        select * from books;
    </select>

    <select id="queryBookByName" resultType="Books">
        select * from books where bookName like CONCAT('%',#{bookName},'%');
    </select>
</mapper>